{
    "metadata": {
        "generator": "io_three",
        "version": 3,
        "bones": 0,
        "vertices": 8,
        "normals": 8,
        "type": "Geometry",
        "faces": 6,
        "uvs": 0
    },
    "bones": [],
    "faces": [33,2,0,1,3,0,1,2,3,33,3,7,6,2,3,4,5,0,33,7,5,4,6,4,6,7,5,33,0,4,5,1,1,7,6,2,33,0,2,6,4,1,0,5,7,33,5,7,3,1,6,4,3,2],
    "name": "Cube.004Geometry.7",
    "skinWeights": [],
    "vertices": [-0.124928,-0.081317,-0.00726,-0.124928,0.081317,-0.00726,-0.124928,-0.081317,-0.71397,-0.124928,0.081317,-0.71397,0.124928,-0.081317,-0.00726,0.124928,0.081317,-0.00726,0.124928,-0.081317,-0.71397,0.124928,0.081317,-0.71397],
    "uvs": [],
    "skinIndices": [],
    "normals": [-0.577349,-0.577349,-0.577349,-0.577349,-0.577349,0.577349,-0.577349,0.577349,0.577349,-0.577349,0.577349,-0.577349,0.577349,0.577349,-0.577349,0.577349,-0.577349,-0.577349,0.577349,0.577349,0.577349,0.577349,-0.577349,0.577349],
    "animations": [],
    "influencesPerVertex": 2
}