{
    "vertices": [-20,1e-06,20,20,1e-06,20,-20,-1e-06,-20,20,-1e-06,-20,-20,0,6.52098,20,0,6.52098,-20,0,7.80359,20,0,7.80359,-8.00666,-1e-06,-20,-8.00666,0,6.52098,20,-0,-3.60575,-20,-0,-3.60575,-8.00666,-0,-3.60575,-9.53984,-1e-06,-20,-9.53984,0,6.52098,-9.53984,-0,-3.60575,20,-0,-5.09844,-8.00666,-0,-5.09844,-20,-0,-5.09844,-9.53984,-0,-5.09844,12.2027,-1e-06,-20,12.2027,-0,-5.09844,7.64458,-1e-06,-20,7.64458,-0,-5.09844,11.3739,0,6.52098,11.3739,-0,-3.60575,8.51632,0,6.52098,8.51632,-0,-3.60575,7.42725,1e-06,20,7.42725,0,7.80359,10.091,1e-06,20,10.091,0,7.80359,-3.8925,-114.442,1.41074,-3.8925,-114.442,4.4207,3.53369,-114.442,4.4207,5.97914,-114.442,4.4207,5.97914,-114.442,-1.77337,5.97914,-114.442,-5.45094,-1.31102,-114.442,-5.45094,-3.8925,-114.442,-5.45094,-3.8925,-114.442,-1.40498,-3.8925,-114.442,1.0942,-1.31102,-114.442,1.0942,5.97914,-114.442,1.41074,2.8763,-114.442,1.41074,2.92994,-114.442,-5.45094,-0.932648,-114.442,-5.45094,3.14507,-114.442,1.0942,-0.932648,-114.442,1.0942,-0.932648,-114.442,-1.77337,5.97914,-114.442,1.0942,5.97914,-114.442,-1.40498,-0.932648,-114.442,-1.40498,-1.31102,-114.442,-1.40498,3.14507,-114.442,-1.40498,-1.31102,-114.442,-1.77337,-3.8925,-114.442,-1.77337,2.92994,-114.442,-1.77337,4.05483,-114.442,-5.45094,4.05483,-114.442,-1.77337,3.85029,-114.442,1.0942,3.85029,-114.442,-1.40498,2.8763,-114.442,4.4207,3.53369,-114.442,1.41074],
    "name": "PlaneGeometry",
    "normals": [-0.555895,0.603381,0.571703,0.616596,0.550798,0.562456,0.606403,0.512406,-0.60799,-0.549455,0.55913,-0.620838,-0.553331,0.553362,0.622547,0.605853,0.510117,0.610492,0.618397,0.557024,-0.554308,-0.561693,0.606922,-0.562212,-0.554308,0.58092,0.595996,0.61153,0.532456,0.585223,0.613392,0.539323,-0.576922,-0.555528,0.588824,-0.587054,-0.616749,0.527482,0.584246,0.552355,0.582415,0.596362,0.553545,0.59035,-0.58739,-0.618641,0.534257,-0.576006,-0.621967,0.545579,0.561663,0.55565,0.603565,0.571734,0.549242,0.559282,-0.620869,-0.611469,0.507767,-0.60683,-0.598254,0.56798,0.565172,0.591876,0.573687,0.566149,0.583148,0.532701,-0.613269,-0.58916,0.527635,-0.611896,-0.593707,0.548692,0.588549,0.589221,0.552599,0.589404,0.590838,0.559923,-0.580828,-0.595355,0.555925,-0.580035,-0.610859,0.505509,0.609302,0.582263,0.530595,0.615925,0.593005,0.580706,-0.557756,-0.623798,0.551683,-0.553606,-0.731712,0.015778,0.681387,0.683859,-0.117924,0.719993,0.678732,-0.09714,-0.727897,-0.725089,0.034425,-0.687765,-0.695944,-0.056764,-0.715812,-0.70159,-0.076937,0.708365,0.726218,0.039003,-0.686331,-0.673208,-0.108798,-0.731376,-0.69277,-0.192114,0.695059,-0.65923,-0.050874,-0.750175,0.705649,-0.066561,0.705405,0.699881,-0.046541,-0.712729,-0.749535,-0.046937,0.660268,0.698935,-0.179846,0.69219,0.724693,-0.121158,0.678304,0.732902,0.020447,0.680013,0.669607,-0.060518,0.740226,0.69747,-0.173803,-0.695181,0.685385,0.013398,-0.728019,0.714377,0.071566,0.696066,0.750755,-0.029878,-0.659871,-0.691366,-0.186041,-0.698111,0.664327,-0.039674,-0.746361,-0.70513,0.079745,-0.70452,-0.664357,-0.071871,0.743919,-0.678182,-0.129734,0.723319,-0.685903,-0.021241,0.727348,0.691,-0.007447,0.72277,-0.750633,-0.030457,-0.659993,-0.714255,0.071078,0.696219,0.722648,-0.116367,-0.681326,-0.716605,-0.131352,-0.684957],
    "metadata": {
        "version": 3,
        "vertices": 64,
        "generator": "io_three",
        "normals": 64,
        "uvs": 0,
        "type": "Geometry",
        "faces": 40
    },
    "faces": [33,21,16,3,20,0,1,2,3,33,30,1,7,31,4,5,6,7,33,24,5,10,25,8,9,10,11,33,4,14,15,11,12,13,14,15,33,18,19,13,2,16,17,18,19,33,17,23,22,8,20,21,22,23,33,9,26,27,12,24,25,26,27,33,0,28,29,6,28,29,30,31,33,24,60,50,5,8,32,33,9,33,5,50,51,10,9,33,34,10,33,10,51,61,25,10,34,35,11,33,12,52,48,9,27,36,37,24,33,25,61,60,24,11,35,32,8,33,15,53,40,11,14,38,39,15,33,33,0,6,32,40,28,31,41,33,26,47,54,27,25,42,43,26,33,27,54,52,12,26,43,36,27,33,30,34,35,1,4,44,45,5,33,0,33,62,28,28,40,46,29,33,14,42,53,15,13,47,38,14,33,16,36,37,3,1,48,49,2,33,28,62,44,29,29,46,50,30,33,19,55,38,13,17,51,52,18,33,13,38,39,2,18,52,53,19,33,7,43,63,31,6,54,55,7,33,2,39,56,18,19,53,56,16,33,11,40,41,4,15,39,57,12,33,31,63,34,30,7,55,44,4,33,18,56,55,19,16,56,51,17,33,4,41,42,14,12,57,47,13,33,17,49,57,23,20,58,59,21,33,1,35,43,7,5,45,54,6,33,3,37,58,20,2,49,60,3,33,29,44,32,6,30,50,41,31,33,21,59,36,16,0,61,48,1,33,22,45,46,8,22,62,63,23,33,20,58,59,21,3,60,61,0,33,9,48,47,26,24,37,42,25,33,23,57,45,22,21,59,62,22,33,8,46,49,17,23,63,58,20],
    "uvs": []
}